id,name,email
7514,Seller 7514,seller7514@mock.local
7656,Seller 7656,seller7656@mock.local
7655,Seller 7655,seller7655@mock.local
38067,Seller 38067,seller38067@mock.local
16568,Seller 16568,seller16568@mock.local
892,Seller 892,seller892@mock.local
33190,Seller 33190,seller33190@mock.local
893,Seller 893,seller893@mock.local
38600,Seller 38600,seller38600@mock.local
16121,Seller 16121,seller16121@mock.local
19589,Seller 19589,seller19589@mock.local
22231,Seller 22231,seller22231@mock.local
24145,Seller 24145,seller24145@mock.local
4547,Seller 4547,seller4547@mock.local
12599,Seller 12599,seller12599@mock.local
33925,Seller 33925,seller33925@mock.local
29603,Seller 29603,seller29603@mock.local
11582,Seller 11582,seller11582@mock.local
17583,Seller 17583,seller17583@mock.local
15655,Seller 15655,seller15655@mock.local
4300,Seller 4300,seller4300@mock.local
31593,Seller 31593,seller31593@mock.local
39230,Seller 39230,seller39230@mock.local
11859,Seller 11859,seller11859@mock.local
24570,Seller 24570,seller24570@mock.local
31374,Seller 31374,seller31374@mock.local
37004,Seller 37004,seller37004@mock.local
7892,Seller 7892,seller7892@mock.local
